0,,,name,,,,,
about,,,Walmart,,,,,
access,,,Exxon Mobil,,,,,
account,,,Chevron,,,,,
accounts,,,Berkshire Hathaway,,,,,
activate,,,Apple,,,,,
activities,,,General Motors,,,,,
activity,,,Phillips 66,,,,,
ad,,,General Electric,,,,,
add,,,Ford Motor,,,,,
address,,,CVS Health,,,,,
adm,,,McKesson,,,,,
admin,,,AT&T,,,,,
administration,,,Valero Energy,,,,,
administrator,,,UnitedHealth Group,,,,,
ads,,,Verizon,,,,,
adult,,,AmerisourceBergen,,,,,
advertising,,,Fannie Mae,,,,,
affiliate,,,Costco,,,,,
affiliates,,,HP,,,,,
ajax,,,Kroger,,,,,
all,,,JP Morgan Chase,,,,,
alpha,,,Express Scripts Holding,,,,,
analysis,,,Bank of America Corp.,,,,,
analytics,,,IBM,,,,,
android,,,Marathon Petroleum,,,,,
anon,,,Cardinal Health,,,,,
anonymous,,,Boeing,,,,,
api,,,Citigroup,,,,,
app,,,Amazon.com,,,,,
apps,,,Wells Fargo,,,,,
archive,,,Microsoft,,,,,
archives,,,Procter & Gamble,,,,,
article,,,Home Depot,,,,,
asct,,,Archer Daniels Midland,,,,,
asset,,,Walgreens,,,,,
atom,,,Target,,,,,
auth,,,Johnson & Johnson,,,,,
authentication,,,Anthem,,,,,
avatar,,,MetLife,,,,,
backup,,,Alphabet,,,,,
balancer-manager,,,State Farm Insurance Cos.,,,,,
banner,,,Freddie Mac,,,,,
banners,,,Comcast,,,,,
beta,,,PepsiCo,,,,,
billing,,,United Technologies,,,,,
bin,,,AIG,,,,,
blog,,,UPS,,,,,
blogs,,,Dow Chemical,,,,,
board,,,Aetna,,,,,
book,,,Lowe's,,,,,
bookmark,,,ConocoPhillips,,,,,
bot,,,Intel,,,,,
bots,,,Energy Transfer Equity,,,,,
bug,,,Caterpillar,,,,,
business,,,Prudential Financial,,,,,
cache,,,Pfizer,,,,,
cadastro,,,Walt Disney,,,,,
calendar,,,Humana,,,,,
call,,,Enterprise Products Partners,,,,,
campaign,,,Cisco Systems,,,,,
cancel,,,Sysco,,,,,
captcha,,,Ingram Micro,,,,,
career,,,Coca-Cola,,,,,
careers,,,Lockheed Martin,,,,,
cart,,,FedEx,,,,,
categories,,,Johnson Controls,,,,,
category,,,Plains GP Holdings,,,,,
cgi,,,World Fuel Services,,,,,
cgi-bin,,,CHS,,,,,
changelog,,,American Airlines Group,,,,,
chat,,,Merck,,,,,
check,,,Best Buy,,,,,
checking,,,Delta Air Lines,,,,,
checkout,,,Honeywell International,,,,,
client,,,HCA Holdings,,,,,
cliente,,,Goldman Sachs Group,,,,,
clients,,,Tesoro,,,,,
code,,,Liberty Mutual Insurance Group,,,,,
codereview,,,United Continental Holdings,,,,,
comercial,,,New York Life Insurance,,,,,
comment,,,Oracle,,,,,
comments,,,Morgan Stanley,,,,,
communities,,,Tyson Foods,,,,,
community,,,Safeway,,,,,
company,,,Nationwide,,,,,
compare,,,Deere,,,,,
compras,,,DuPont,,,,,
config,,,American Express,,,,,
configuration,,,Allstate,,,,,
connect,,,Cigna,,,,,
contact,,,Mondelez International,,,,,
contact-us,,,TIAA-CREF,,,,,
contact_us,,,INTL FCStone,,,,,
contactus,,,Massachusetts Mutual Life Insurance,,,,,
contest,,,DirecTV,,,,,
contribute,,,Halliburton,,,,,
corp,,,Twenty-First Century Fox,,,,,
create,,,3M,,,,,
css,,,Sears Holdings,,,,,
dashboard,,,General Dynamics,,,,,
data,,,Publix Super Markets,,,,,
db,,,Philip Morris International,,,,,
default,,,TJX,,,,,
delete,,,Time Warner,,,,,
demo,,,Macy's,,,,,
design,,,Nike,,,,,
designer,,,Tech Data,,,,,
destroy,,,Avnet,,,,,
dev,,,Northwestern Mutual,,,,,
devel,,,McDonald's,,,,,
developer,,,Exelon,,,,,
developers,,,Travelers Cos.,,,,,
diagram,,,Qualcomm,,,,,
diary,,,International Paper,,,,,
dict,,,Occidental Petroleum,,,,,
dictionary,,,Duke Energy,,,,,
die,,,Rite Aid,,,,,
dir,,,Gilead Sciences,,,,,
direct_messages,,,Baker Hughes,,,,,
directory,,,Emerson Electric,,,,,
dist,,,EMC,,,,,
doc,,,USAA,,,,,
docs,,,Union Pacific,,,,,
documentation,,,Northrop Grumman,,,,,
domain,,,Alcoa,,,,,
download,,,Capital One Financial,,,,,
downloads,,,National Oilwell Varco,,,,,
ecommerce,,,US Foods,,,,,
edit,,,Raytheon,,,,,
editor,,,Time Warner Cable,,,,,
edu,,,Arrow Electronics,,,,,
education,,,Aflac,,,,,
email,,,Staples,,,,,
employment,,,Abbott Laboratories,,,,,
empty,,,Community Health Systems,,,,,
end,,,Fluor,,,,,
enterprise,,,Freeport-McMoRan,,,,,
entries,,,U.S. Bancorp,,,,,
entry,,,Nucor,,,,,
error,,,Kimberly-Clark,,,,,
errors,,,Hess,,,,,
eval,,,Chesapeake Energy,,,,,
event,,,Xerox,,,,,
exit,,,ManpowerGroup,,,,,
explore,,,Amgen,,,,,
facebook,,,AbbVie,,,,,
faq,,,Danaher,,,,,
favorite,,,Whirlpool,,,,,
favorites,,,PBF Energy,,,,,
feature,,,HollyFrontier,,,,,
features,,,Eli Lilly,,,,,
feed,,,Devon Energy,,,,,
feedback,,,Progressive,,,,,
feeds,,,Cummins,,,,,
file,,,Icahn Enterprises,,,,,
files,,,AutoNation,,,,,
first,,,Kohl's,,,,,
flash,,,Paccar,,,,,
fleet,,,Dollar General,,,,,
fleets,,,Hartford Financial Services Group,,,,,
flog,,,Southwest Airlines,,,,,
follow,,,Anadarko Petroleum,,,,,
followers,,,Southern,,,,,
following,,,Supervalu,,,,,
forgot,,,Kraft Foods Group,,,,,
form,,,Goodyear Tire & Rubber,,,,,
forum,,,EOG Resources,,,,,
forums,,,CenturyLink,,,,,
founder,,,Altria Group,,,,,
free,,,Tenet Healthcare,,,,,
friend,,,General Mills,,,,,
friends,,,eBay,,,,,
ftp,,,ConAgra Foods,,,,,
gadget,,,Lear,,,,,
gadgets,,,TRW Automotive Holdings,,,,,
game,,,United States Steel,,,,,
games,,,Penske Automotive Group,,,,,
get,,,AES,,,,,
ghost,,,Colgate-Palmolive,,,,,
gift,,,Global Partners,,,,,
gifts,,,Thermo Fisher Scientific,,,,,
gist,,,PG&E Corp.,,,,,
github,,,NextEra Energy,,,,,
graph,,,American Electric Power,,,,,
group,,,Baxter International,,,,,
groups,,,Centene,,,,,
guest,,,Starbucks,,,,,
guests,,,Gap,,,,,
help,,,Bank of New York Mellon Corp.,,,,,
home,,,Micron Technology,,,,,
homepage,,,Jabil Circuit,,,,,
host,,,PNC Financial Services Group,,,,,
hosting,,,Kinder Morgan,,,,,
hostmaster,,,Office Depot,,,,,
hostname,,,Bristol-Myers Squibb,,,,,
howto,,,NRG Energy,,,,,
hpg,,,Monsanto,,,,,
html,,,PPG Industries,,,,,
http,,,Genuine Parts,,,,,
httpd,,,Omnicom Group,,,,,
https,,,Illinois Tool Works,,,,,
i,,,Murphy USA,,,,,
iamges,,,Land O'Lakes,,,,,
icon,,,Western Refining,,,,,
icons,,,Western Digital,,,,,
id,,,FirstEnergy,,,,,
idea,,,Aramark,,,,,
ideas,,,DISH Network,,,,,
image,,,Las Vegas Sands,,,,,
images,,,Kellogg,,,,,
imap,,,Loews,,,,,
img,,,CBS,,,,,
index,,,Ecolab,,,,,
indice,,,Whole Foods Market,,,,,
info,,,Chubb,,,,,
information,,,Health Net,,,,,
inquiry,,,Waste Management,,,,,
instagram,,,Apache,,,,,
intranet,,,Textron,,,,,
invitations,,,Synnex,,,,,
invite,,,Marriott International,,,,,
ipad,,,Viacom,,,,,
iphone,,,Lincoln National,,,,,
irc,,,Nordstrom,,,,,
is,,,C.H. Robinson Worldwide,,,,,
issue,,,Edison International,,,,,
issues,,,Marathon Oil,,,,,
it,,,Yum Brands,,,,,
item,,,Computer Sciences,,,,,
items,,,Parker-Hannifin,,,,,
java,,,DaVita HealthCare Partners,,,,,
javascript,,,CarMax,,,,,
job,,,Texas Instruments,,,,,
jobs,,,WellCare Health Plans,,,,,
join,,,Marsh & McLennan,,,,,
js,,,Consolidated Edison,,,,,
json,,,Oneok,,,,,
jump,,,Visa,,,,,
knowledgebase,,,Jacobs Engineering Group,,,,,
language,,,CSX,,,,,
languages,,,Entergy,,,,,
last,,,Facebook,,,,,
ldap-status,,,Dominion Resources,,,,,
legal,,,Leucadia National,,,,,
license,,,"Toys ""R"" Us",,,,,
link,,,DTE Energy,,,,,
links,,,Ameriprise Financial,,,,,
linux,,,VF,,,,,
list,,,Praxair,,,,,
lists,,,J.C. Penney,,,,,
log,,,Automatic Data Processing,,,,,
log-in,,,L-3 Communications,,,,,
log-out,,,CDW,,,,,
log_in,,,Guardian Life Ins. Co. of America,,,,,
log_out,,,Xcel Energy,,,,,
login,,,Norfolk Southern,,,,,
logout,,,PPL,,,,,
logs,,,R.R. Donnelley & Sons,,,,,
m,,,Huntsman,,,,,
mac,,,Bed Bath & Beyond,,,,,
mail,,,Stanley Black & Decker,,,,,
mail1,,,L Brands,,,,,
mail2,,,Liberty Interactive,,,,,
mail3,,,Farmers Insurance Exchange,,,,,
mail4,,,First Data,,,,,
mail5,,,Sherwin-Williams,,,,,
mailer,,,BlackRock,,,,,
mailing,,,Voya Financial,,,,,
maintenance,,,Ross Stores,,,,,
manager,,,Sempra Energy,,,,,
manual,,,Estee Lauder,,,,,
map,,,H.J. Heinz,,,,,
maps,,,Reinsurance Group of America,,,,,
marketing,,,Public Service Enterprise Group,,,,,
master,,,Cameron International,,,,,
me,,,Navistar International,,,,,
media,,,CST Brands,,,,,
member,,,State Street Corp.,,,,,
members,,,Unum Group,,,,,
message,,,Hilton Worldwide Holdings,,,,,
messages,,,Family Dollar Stores,,,,,
messenger,,,Principal Financial,,,,,
microblog,,,Reliance Steel & Aluminum,,,,,
microblogs,,,Air Products & Chemicals,,,,,
mine,,,Assurant,,,,,
mis,,,Peter Kiewit Sons',,,,,
mob,,,Henry Schein,,,,,
mobile,,,Cognizant Technology Solutions,,,,,
movie,,,MGM Resorts International,,,,,
movies,,,W.W. Grainger,,,,,
mp3,,,Group 1 Automotive,,,,,
msg,,,BB&T Corp.,,,,,
msn,,,WestRock,,,,,
music,,,Advance Auto Parts,,,,,
musicas,,,Ally Financial,,,,,
mx,,,AGCO,,,,,
my,,,Corning,,,,,
mysql,,,Biogen,,,,,
name,,,NGL Energy Partners,,,,,
named,,,Stryker,,,,,
nan,,,Molina Healthcare,,,,,
navi,,,Precision Castparts,,,,,
navigation,,,Discover Financial Services,,,,,
net,,,Genworth Financial,,,,,
network,,,Eastman Chemical,,,,,
new,,,Dean Foods,,,,,
news,,,AutoZone,,,,,
newsletter,,,MasterCard,,,,,
nick,,,Owens & Minor,,,,,
nickname,,,Hormel Foods,,,,,
notes,,,GameStop,,,,,
noticias,,,Autoliv,,,,,
notification,,,CenterPoint Energy,,,,,
notifications,,,Fidelity National Financial,,,,,
notify,,,Sonic Automotive,,,,,
ns,,,HD Supply Holdings,,,,,
ns1,,,Charter Communications,,,,,
ns10,,,Crown Holdings,,,,,
ns2,,,Applied Materials,,,,,
ns3,,,Mosaic,,,,,
ns4,,,CBRE Group,,,,,
ns5,,,Avon Products,,,,,
ns6,,,Republic Services,,,,,
ns7,,,Universal Health Services,,,,,
ns8,,,Darden Restaurants,,,,,
ns9,,,Steel Dynamics,,,,,
null,,,SunTrust Banks,,,,,
oauth,,,Caesars Entertainment,,,,,
oauth_clients,,,Targa Resources,,,,,
offer,,,Dollar Tree,,,,,
offers,,,News Corp.,,,,,
official,,,Ball,,,,,
old,,,Thrivent Financial for Lutherans,,,,,
online,,,Masco,,,,,
openid,,,Franklin Resources,,,,,
operator,,,Avis Budget Group,,,,,
order,,,Reynolds American,,,,,
orders,,,Becton Dickinson,,,,,
organization,,,Priceline Group,,,,,
organizations,,,Broadcom,,,,,
overview,,,Tenneco,,,,,
owner,,,Campbell Soup,,,,,
owners,,,AECOM,,,,,
page,,,Visteon,,,,,
pager,,,Delek US Holdings,,,,,
pages,,,Dover,,,,,
panel,,,BorgWarner,,,,,
password,,,Jarden,,,,,
payment,,,UGI,,,,,
perl,,,Murphy Oil,,,,,
phone,,,PVH,,,,,
photo,,,Core-Mark Holding,,,,,
photoalbum,,,Calpine,,,,,
photos,,,D.R. Horton,,,,,
php,,,Weyerhaeuser,,,,,
phpmyadmin,,,KKR,,,,,
phppgadmin,,,FMC Technologies,,,,,
phpredisadmin,,,American Family Insurance Group,,,,,
pic,,,SpartanNash,,,,,
pics,,,WESCO International,,,,,
ping,,,Quanta Services,,,,,
plan,,,Mohawk Industries,,,,,
plans,,,Motorola Solutions,,,,,
plugin,,,Lennar,,,,,
plugins,,,TravelCenters of America,,,,,
policy,,,Sealed Air,,,,,
pop,,,Eversource Energy,,,,,
pop3,,,Coca-Cola Enterprises,,,,,
popular,,,Celgene,,,,,
portal,,,Williams,,,,,
post,,,Ashland,,,,,
postfix,,,Interpublic Group,,,,,
postmaster,,,Blackstone Group,,,,,
posts,,,Ralph Lauren,,,,,
pr,,,Quest Diagnostics,,,,,
premium,,,Hershey,,,,,
press,,,Terex,,,,,
price,,,Boston Scientific,,,,,
pricing,,,Newmont Mining,,,,,
privacy,,,Allergan,,,,,
privacy-policy,,,O'Reilly Automotive,,,,,
privacy_policy,,,Casey's General Stores,,,,,
privacypolicy,,,CMS Energy,,,,,
private,,,Foot Locker,,,,,
product,,,W.R. Berkley,,,,,
products,,,PetSmart,,,,,
profile,,,Pacific Life,,,,,
project,,,Commercial Metals,,,,,
projects,,,Agilent Technologies,,,,,
promo,,,Huntington Ingalls Industries,,,,,
pub,,,Mutual of Omaha Insurance,,,,,
public,,,Live Nation Entertainment,,,,,
purpose,,,Dick's Sporting Goods,,,,,
put,,,Oshkosh,,,,,
python,,,Celanese,,,,,
query,,,Spirit AeroSystems Holdings,,,,,
random,,,United Natural Foods,,,,,
ranking,,,Peabody Energy,,,,,
read,,,Owens-Illinois,,,,,
readme,,,Dillard's,,,,,
recent,,,Level 3 Communications,,,,,
recruit,,,Pantry,,,,,
recruitment,,,LKQ,,,,,
register,,,Integrys Energy Group,,,,,
registration,,,Symantec,,,,,
release,,,Buckeye Partners,,,,,
remove,,,Ryder System,,,,,
replies,,,SanDisk,,,,,
report,,,Rockwell Automation,,,,,
reports,,,Dana Holding,,,,,
repositories,,,Lansing Trade Group,,,,,
repository,,,NCR,,,,,
req,,,Expeditors International of Washington,,,,,
request,,,Omnicare,,,,,
requests,,,AK Steel Holding,,,,,
reset,,,Fifth Third Bancorp,,,,,
roc,,,Seaboard,,,,,
root,,,NiSource,,,,,
rss,,,Cablevision Systems,,,,,
ruby,,,Anixter International,,,,,
rule,,,EMCOR Group,,,,,
sag,,,Fidelity National Information Services,,,,,
sale,,,Barnes & Noble,,,,,
sales,,,KBR,,,,,
sample,,,Auto-Owners Insurance,,,,,
samples,,,Jones Financial,,,,,
save,,,Avery Dennison,,,,,
school,,,NetApp,,,,,
script,,,iHeartMedia,,,,,
scripts,,,Discovery Communications,,,,,
search,,,Harley-Davidson,,,,,
secure,,,Sanmina,,,,,
security,,,Trinity Industries,,,,,
self,,,J.B. Hunt Transport Services,,,,,
send,,,Charles Schwab,,,,,
server,,,Erie Insurance Group,,,,,
server-info,,,Dr Pepper Snapple Group,,,,,
server-status,,,Ameren,,,,,
service,,,Mattel,,,,,
services,,,Laboratory Corp. of America,,,,,
session,,,TEGNA,,,,,
sessions,,,Starwood Hotels & Resorts,,,,,
setting,,,General Cable,,,,,
settings,,,A-Mark Precious Metals,,,,,
setup,,,Graybar Electric,,,,,
share,,,Energy Future Holdings,,,,,
shop,,,HRG Group,,,,,
show,,,MRC Global,,,,,
sign-in,,,Spectra Energy,,,,,
sign-up,,,Asbury Automotive Group,,,,,
sign_in,,,Packaging Corp. of America,,,,,
sign_up,,,Windstream Holdings,,,,,
signin,,,PulteGroup,,,,,
signout,,,JetBlue Airways,,,,,
signup,,,Newell Rubbermaid,,,,,
site,,,Con-way,,,,,
sitemap,,,Calumet Specialty Products Partners,,,,,
sites,,,Expedia,,,,,
smartphone,,,American Financial Group,,,,,
smtp,,,Tractor Supply,,,,,
soporte,,,United Rentals,,,,,
source,,,Ingredion,,,,,
spec,,,Navient,,,,,
special,,,MeadWestvaco,,,,,
sql,,,AGL Resources,,,,,
src,,,St. Jude Medical,,,,,
ssh,,,J.M. Smucker,,,,,
ssl,,,Western Union,,,,,
ssladmin,,,Clorox,,,,,
ssladministrator,,,Domtar,,,,,
sslwebmaster,,,Kelly Services,,,,,
staff,,,Old Republic International,,,,,
stage,,,Advanced Micro Devices,,,,,
staging,,,Netflix,,,,,
start,,,Booz Allen Hamilton Holding,,,,,
stat,,,Quintiles Transnational Holdings,,,,,
state,,,Wynn Resorts,,,,,
static,,,Jones Lang LaSalle,,,,,
stats,,,Regions Financial,,,,,
status,,,CH2M Hill,,,,,
store,,,Western & Southern Financial Group,,,,,
stores,,,Lithia Motors,,,,,
stories,,,salesforce.com,,,,,
style,,,Alaska Air Group,,,,,
styleguide,,,Host Hotels & Resorts,,,,,
stylesheet,,,Harman International Industries,,,,,
stylesheets,,,Amphenol,,,,,
subdomain,,,Realogy Holdings,,,,,
subscribe,,,Essendant,,,,,
subscriptions,,,Hanesbrands,,,,,
suporte,,,Kindred Healthcare,,,,,
support,,,ARRIS Group,,,,,
svn,,,Insight Enterprises,,,,,
swf,,,Alliance Data Systems,,,,,
sys,,,LifePoint Health,,,,,
sysadmin,,,Pioneer Natural Resources,,,,,
sysadministrator,,,Wyndham Worldwide,,,,,
system,,,Owens Corning,,,,,
tablet,,,Alleghany,,,,,
tablets,,,McGraw Hill Financial,,,,,
tag,,,Big Lots,,,,,
talk,,,Northern Tier Energy,,,,,
task,,,Hexion,,,,,
tasks,,,Markel,,,,,
team,,,Noble Energy,,,,,
teams,,,Leidos Holdings,,,,,
tech,,,Rockwell Collins,,,,,
telnet,,,Airgas,,,,,
term,,,Sprague Resources,,,,,
terms,,,YRC Worldwide,,,,,
terms-of-service,,,Hanover Insurance Group,,,,,
terms_of_service,,,Fiserv,,,,,
termsofservice,,,Lorillard,,,,,
test,,,American Tire Distributors Holdings,,,,,
test1,,,ABM Industries,,,,,
test2,,,Sonoco Products,,,,,
test3,,,Harris,,,,,
teste,,,Telephone & Data Systems,,,,,
testing,,,WEC Energy Group,,,,,
tests,,,Linn Energy,,,,,
theme,,,Raymond James Financial,,,,,
themes,,,Berry Plastics Group,,,,,
thread,,,Regency Energy Partners,,,,,
threads,,,SCANA,,,,,
tmp,,,Cincinnati Financial,,,,,
todo,,,Atmos Energy,,,,,
tool,,,Pepco Holdings,,,,,
tools,,,Flowserve,,,,,
top,,,Simon Property Group,,,,,
topic,,,Constellation Brands,,,,,
topics,,,Quad/Graphics,,,,,
tos,,,Burlington Stores,,,,,
tour,,,Neiman Marcus Group,,,,,
translations,,,Bemis,,,,,
trends,,,Coach,,,,,
tutorial,,,Continental Resources,,,,,
tux,,,Ascena Retail Group,,,,,
tv,,,Zoetis,,,,,
twitter,,,Orbital ATK,,,,,
undef,,,Frontier Communications,,,,,
unfollow,,,Levi Strauss,,,,,
unsubscribe,,,SPX,,,,,
update,,,CF Industries Holdings,,,,,
upload,,,Michaels Cos.,,,,,
uploads,,,M&T Bank Corp.,,,,,
url,,,Rush Enterprises,,,,,
usage,,,Aleris,,,,,
user,,,Nexeo Solutions Holdings,,,,,
username,,,Keurig Green Mountain,,,,,
users,,,Superior Energy Services,,,,,
usuario,,,Williams-Sonoma,,,,,
vendas,,,Robert Half International,,,,,
ver,,,Nvidia,,,,,
version,,,First American Financial,,,,,
video,,,Zimmer Biomet Holdings,,,,,
videos,,,MDU Resources Group,,,,,
visitor,,,Juniper Networks,,,,,
watch,,,Arthur J. Gallagher,,,,,
weather,,,Colfax,,,,,
web,,,Cliffs Natural Resources,,,,,
webhook,,,Yahoo,,,,,
webhooks,,,MasTec,,,,,
webmail,,,Lam Research,,,,,
webmaster,,,Axiall,,,,,
website,,,Intercontinental Exchange,,,,,
websites,,,Cintas,,,,,
welcome,,,Coty,,,,,
widget,,,CA,,,,,
widgets,,,Andersons,,,,,
wiki,,,Valspar,,,,,
win,,,Northern Trust,,,,,
windows,,,Intuit,,,,,
word,,,Tutor Perini,,,,,
work,,,Polaris Industries,,,,,
works,,,Hospira,,,,,
workshop,,,FM Global,,,,,
ww,,,NVR,,,,,
wws,,,Liberty Media,,,,,
www,,,Edgewell Personal Care,,,,,
www1,,,Bloomin' Brands,,,,,
www2,,,Avaya,,,,,
www3,,,Westlake Chemical,,,,,
www4,,,Hyatt Hotels,,,,,
www5,,,Mead Johnson Nutrition,,,,,
www6,,,Activision Blizzard,,,,,
www7,,,Protective Life,,,,,
wwws,,,Envision Healthcare Holdings,,,,,
wwww,,,Fortune Brands Home & Security,,,,,
xfn,,,RPM International,,,,,
xml,,,VWR,,,,,
xmpp,,,LPL Financial Holdings,,,,,
xpg,,,KeyCorp,,,,,
xxx,,,Swift Transportation,,,,,
yaml,,,Alpha Natural Resources,,,,,
year,,,Hasbro,,,,,
yml,,,Resolute Forest Products,,,,,
you,,,Tiffany,,,,,
yourdomain,,,McCormick,,,,,
yourname,,,Graphic Packaging Holding,,,,,
yoursite,,,Greif,,,,,
yourusername,,,Allegheny Technologies,,,,,
,,,Securian Financial Group,,,,,
,,,B/E Aerospace,,,,,
,,,Exelis,,,,,
,,,Adobe Systems,,,,,
,,,Molson Coors Brewing,,,,,
,,,Roundy's,,,,,
,,,CNO Financial Group,,,,,
,,,Adams Resources & Energy,,,,,
,,,Belk,,,,,
,,,Chipotle Mexican Grill,,,,,
,,,American Tower,,,,,
,,,FMC,,,,,
,,,Hillshire Brands,,,,,
,,,AmTrust Financial Services,,,,,
,,,Brunswick,,,,,
,,,Patterson,,,,,
,,,Southwestern Energy,,,,,
,,,Ametek,,,,,
,,,T. Rowe Price,,,,,
,,,Torchmark,,,,,
,,,Darling Ingredients,,,,,
,,,Leggett & Platt,,,,,
,,,Watsco,,,,,
,,,Crestwood Equity Partners,,,,,
,,,Xylem,,,,,
,,,Silgan Holdings,,,,,
,,,Toll Brothers,,,,,
,,,Manitowoc,,,,,
,,,Science Applications International,,,,,
,,,Carlyle Group,,,,,
,,,Timken,,,,,
,,,Genesis Energy,,,,,
,,,WPX Energy,,,,,
,,,CareFusion,,,,,
,,,Pitney Bowes,,,,,
,,,Ingles Markets,,,,,
,,,PolyOne,,,,,
,,,Brookdale Senior Living,,,,,
,,,CommScope Holding,,,,,
,,,Meritor,,,,,
,,,Joy Global,,,,,
,,,Unified Grocers,,,,,
,,,Triumph Group,,,,,
,,,Magellan Health,,,,,
,,,Sally Beauty Holdings,,,,,
,,,Flowers Foods,,,,,
,,,Abercrombie & Fitch,,,,,
,,,New Jersey Resources,,,,,
,,,Fastenal,,,,,
,,,NII Holdings,,,,,
,,,Consol Energy,,,,,
,,,USG,,,,,
,,,Brink's,,,,,
,,,Helmerich & Payne,,,,,
,,,Lexmark International,,,,,
,,,American Axle & Manufacturing,,,,,
,,,Crown Castle International,,,,,
,,,Targa Energy,,,,,
,,,Oceaneering International,,,,,
,,,Cabot,,,,,
,,,CIT Group,,,,,
,,,Cabela's,,,,,
,,,Forest Laboratories,,,,,
,,,DCP Midstream Partners,,,,,
,,,Ryerson Holding,,,,,
,,,QEP Resources,,,,,
,,,Thor Industries,,,,,
,,,HSN,,,,,
,,,Graham Holdings,,,,,
,,,Electronic Arts,,,,,
,,,Boise Cascade,,,,,
,,,Hub Group,,,,,
,,,CACI International,,,,,
,,,Roper Technologies,,,,,
,,,Towers Watson,,,,,
,,,Smart & Final Stores,,,,,
,,,Big Heart Pet Brands,,,,,
,,,Fossil Group,,,,,
,,,Nasdaq OMX Group,,,,,
,,,Country Financial,,,,,
,,,Snap-on,,,,,
,,,Pinnacle West Capital,,,,,
,,,EchoStar,,,,,
,,,Systemax,,,,,
,,,WhiteWave Foods,,,,,
,,,CUNA Mutual Group,,,,,
,,,Cooper Tire & Rubber,,,,,
,,,ADT,,,,,
,,,Cerner,,,,,
,,,Clean Harbors,,,,,
,,,First Solar,,,,,
,,,Lennox International,,,,,
,,,Enable Midstream Partners,,,,,
,,,Hubbell,,,,,
,,,Unisys,,,,,
,,,Alliant Energy,,,,,
,,,Welltower,,,,,
,,,Moody's,,,,,
,,,C.R. Bard,,,,,
,,,Urban Outfitters,,,,,
,,,Church & Dwight,,,,,
,,,American Eagle Outfitters,,,,,
,,,Oaktree Capital Group,,,,,
,,,Regal Beloit,,,,,
,,,Tailored Brands,,,,,
,,,Cooper-Standard Holdings,,,,,
,,,W.R. Grace,,,,,
,,,Ulta Salon Cosmetics & Fragrance,,,,,
,,,Hawaiian Electric Industries,,,,,
,,,SkyWest,,,,,
,,,Green Plains,,,,,
,,,LVB Acquisition,,,,,
,,,NBTY,,,,,
,,,Carlisle,,,,,
,,,United Refining,,,,,
,,,Tesla Motors,,,,,
,,,Groupon,,,,,
,,,Landstar System,,,,,
,,,Patterson-UTI Energy,,,,,
,,,EP Energy,,,,,
,,,ON Semiconductor,,,,,
,,,Rent-A-Center,,,,,
,,,SunGard Data Systems,,,,,
,,,Citrix Systems,,,,,
,,,Amkor Technology,,,,,
,,,TD Ameritrade Holding,,,,,
,,,Worthington Industries,,,,,
,,,Valmont Industries,,,,,
,,,Iron Mountain,,,,,
,,,Puget Energy,,,,,
,,,CME Group,,,,,
,,,IAC/InterActiveCorp,,,,,
,,,Par Pacific Holdings,,,,,
,,,Taylor Morrison Home,,,,,
,,,Chiquita Brands International,,,,,
,,,International Flavors & Fragrances,,,,,
,,,Whiting Petroleum,,,,,
,,,Under Armour,,,,,
,,,Ventas,,,,,
,,,NuStar Energy,,,,,
,,,Select Medical Holdings,,,,,
,,,Diebold,,,,,
,,,American National Insurance,,,,,
,,,Varian Medical Systems,,,,,
,,,Apollo Education Group,,,,,
,,,Westinghouse Air Brake Technologies,,,,,
,,,SunPower,,,,,
,,,Warner Music Group,,,,,
,,,American Water Works,,,,,
,,,H&R Block,,,,,
,,,Mercury General,,,,,
,,,TECO Energy,,,,,
,,,Service Corp. International,,,,,
,,,Vulcan Materials,,,,,
,,,Brown-Forman,,,,,
,,,Regal Entertainment Group,,,,,
,,,Tempur Sealy International,,,,,
,,,Steelcase,,,,,
,,,MWI Veterinary Supply,,,,,
,,,RS Legacy,,,,,
,,,Sprouts Farmers Market,,,,,
,,,Sabre,,,,,
,,,Martin Marietta Materials,,,,,
,,,Huntington Bancshares,,,,,
,,,Alere,,,,,
,,,TreeHouse Foods,,,,,
,,,Arch Coal,,,,,
,,,KLA-Tencor,,,,,
,,,Crane,,,,,
,,,Iasis Healthcare,,,,,
,,,BWX Technologies,,,,,
,,,Dentsply Sirona,,,,,
,,,Tribune Media,,,,,
,,,ScanSource,,,,,
,,,Univision Communications,,,,,
,,,Brinker International,,,,,
,,,Archrock,,,,,
,,,Carter's,,,,,
,,,Analog Devices,,,,,
,,,Genesco,,,,,
,,,Scotts Miracle-Gro,,,,,
,,,Convergys,,,,,
,,,Exide Technologies,,,,,
,,,WABCO Holdings,,,,,
,,,Kennametal,,,,,
,,,Amerco,,,,,
,,,Bon-Ton Stores,,,,,
,,,Team Health Holdings,,,,,
,,,Regeneron Pharmaceuticals,,,,,
,,,OneMain Holdings,,,,,
,,,Lincoln Electric Holdings,,,,,
,,,Dresser-Rand Group,,,,,
,,,West,,,,,
,,,Benchmark Electronics,,,,,
,,,Pall,,,,,
,,,Old Dominion Freight Line,,,,,
,,,MSC Industrial Direct,,,,,
,,,Sentry Insurance Group,,,,,
,,,Sigma-Aldrich,,,,,
,,,WGL Holdings,,,,,
,,,Weis Markets,,,,,
,,,Sanderson Farms,,,,,
,,,StanCorp Financial Group,,,,,
,,,Hyster-Yale Materials Handling,,,,,
,,,Wolverine World Wide,,,,,
,,,DST Systems,,,,,
,,,Legg Mason,,,,,
,,,Teradata,,,,,
,,,Aaron's,,,,,
,,,Antero Resources,,,,,
,,,Metaldyne Performance Group,,,,,
,,,Range Resources,,,,,
,,,Vornado Realty Trust,,,,,
,,,Boyd Gaming,,,,,
,,,Covance,,,,,
,,,Armstrong World Industries,,,,,
,,,Cracker Barrel Old Country Store,,,,,
,,,Chico's FAS,,,,,
,,,Scripps Networks Interactive,,,,,
,,,Universal Forest Products,,,,,
,,,Concho Resources,,,,,
,,,ITT,,,,,
,,,HCC Insurance Holdings,,,,,
,,,Moog,,,,,
,,,IMS Health Holdings,,,,,
,,,Cinemark Holdings,,,,,
,,,Comerica,,,,,
,,,Equity Residential,,,,,
,,,Ryland Group,,,,,
,,,GNC Holdings,,,,,
,,,ArcBest,,,,,
,,,Vectren,,,,,
,,,Curtiss-Wright,,,,,
,,,Tupperware Brands,,,,,
,,,Westar Energy,,,,,
,,,Albemarle,,,,,
,,,AptarGroup,,,,,
,,,Pinnacle Foods,,,,,
,,,Penn National Gaming,,,,,
,,,J.Crew Group,,,,,
,,,Vantiv,,,,,
,,,Kansas City Southern,,,,,
,,,Caleres,,,,,
,,,Nu Skin Enterprises,,,,,
,,,Great Plains Energy,,,,,
,,,Kirby,,,,,
,,,General Growth Properties,,,,,
,,,Broadridge Financial Solutions,,,,,
,,,Stericycle,,,,,
,,,Global Payments,,,,,
,,,Nortek,,,,,
,,,Schnitzer Steel Industries,,,,,
,,,Universal,,,,,
,,,ANN,,,,,
,,,Hologic,,,,,
,,,Panera Bread,,,,,
,,,AOL,,,,,
,,,SM Energy,,,,,
,,,Paychex,,,,,
,,,PriceSmart,,,,,
,,,Autodesk,,,,,
,,,Affiliated Managers Group,,,,,
,,,Tops Holding,,,,,
,,,Dynegy,,,,,
,,,DSW,,,,,
,,,Vishay Intertechnology,,,,,
,,,Mettler-Toledo International,,,,,
,,,SunEdison,,,,,
,,,Tetra Tech,,,,,
,,,Momentive Performance Materials,,,,,
,,,EnerSys,,,,,
,,,Donaldson,,,,,
,,,EQT,,,,,
,,,Monster Beverage,,,,,
,,,PC Connection,,,,,
,,,Total System Services,,,,,
,,,ServiceMaster Global Holdings,,,,,
,,,Medical Mutual of Ohio,,,,,
,,,Applied Industrial Technologies,,,,,
,,,Maxim Integrated Products,,,,,
,,,OGE Energy,,,,,
,,,A. Schulman,,,,,
,,,Equinix,,,,,
,,,Mednax,,,,,
,,,Equifax,,,,,
,,,CalAtlantic Group,,,,,
,,,Denbury Resources,,,,,
,,,Cimarex Energy,,,,,
,,,Mutual of America Life Insurance,,,,,
,,,Guess,,,,,
,,,Post Holdings,,,,,
,,,HealthSouth,,,,,
,,,Ferrellgas Partners,,,,,
,,,KB Home,,,,,
,,,Boston Properties,,,,,
,,,Trimble Navigation,,,,,
,,,Teledyne Technologies,,,,,
,,,Acuity Brands,,,,,
,,,Skechers U.S.A.,,,,,
,,,Xilinx,,,,,
,,,Plexus,,,,,
,,,Newfield Exploration,,,,,
,,,TransDigm Group,,,,,
,,,Kar Auction Services,,,,,
,,,Mueller Industries,,,,,
,,,Zions Bancorp.,,,,,
,,,Insperity,,,,,
,,,XPO Logistics,,,,,
,,,Sears Hometown & Outlet Stores,,,,,
,,,A.O. Smith,,,,,
,,,Alliance One International,,,,,
,,,Take-Two Interactive Software,,,,,
,,,hhgregg,,,,,
,,,RPC,,,,,
,,,NewMarket,,,,,
,,,Beacon Roofing Supply,,,,,
,,,Edwards Lifesciences,,,,,
,,,Triple-S Management,,,,,
,,,Hawaiian Holdings,,,,,
,,,Heartland Payment Systems,,,,,
,,,Belden,,,,,
,,,Magellan Midstream Partners,,,,,
,,,Outerwall,,,,,
,,,KapStone Paper & Packaging,,,,,
,,,Alliance Holdings,,,,,
,,,Skyworks Solutions,,,,,
,,,Ciena,,,,,
,,,Granite Construction,,,,,
,,,Education Management,,,,,
,,,Party City Holdings,,,,,
,,,HCP,,,,,
,,,Parexel International,,,,,
,,,Delta Tucker Holdings,,,,,
,,,Pinnacle Entertainment,,,,,
,,,Stifel Financial,,,,,
,,,Pool,,,,,
,,,Olin,,,,,
,,,Knights of Columbus,,,,,
,,,PerkinElmer,,,,,
,,,Alexion Pharmaceuticals,,,,,
,,,IHS,,,,,
,,,Oil States International,,,,,
,,,HNI,,,,,
,,,LinkedIn,,,,,
,,,Diplomat Pharmacy,,,,,
,,,Brocade Communications Systems,,,,,
,,,Greenbrier Cos.,,,,,
,,,AMC Networks,,,,,
,,,Kemper,,,,,
,,,Ocwen Financial,,,,,
,,,Public Storage,,,,,
,,,TriNet Group,,,,,
,,,Chemtura,,,,,
,,,Symetra Financial,,,,,
,,,Tower International,,,,,
,,,Meritage Homes,,,,,
,,,MarkWest Energy Partners,,,,,
,,,Bio-Rad Laboratories,,,,,
,,,TrueBlue,,,,,
,,,Cabot Oil & Gas,,,,,
,,,Carpenter Technology,,,,,
,,,Toro,,,,,
,,,American Equity Investment Life Holding,,,,,
,,,Express,,,,,
,,,Eastman Kodak,,,,,
,,,Hain Celestial Group,,,,,
,,,Nationstar Mortgage Holdings,,,,,
,,,IDEX,,,,,
,,,Popular,,,,,
,,,Werner Enterprises,,,,,
,,,Esterline Technologies,,,,,
,,,Intuitive Surgical,,,,,
,,,Allison Transmission Holdings,,,,,
,,,SemGroup,,,,,
,,,Southwest Gas,,,,,
,,,G-III Apparel Group,,,,,
,,,National Fuel Gas,,,,,
,,,H.B. Fuller,,,,,
,,,Penn Mutual Life Insurance,,,,,
,,,RCS Capital,,,,,
,,,Columbia Sportswear,,,,,
,,,Amica Mutual Insurance,,,,,
,,,Primoris Services,,,,,
,,,Energen,,,,,
,,,Rexnord,,,,,
,,,Seventy Seven Energy,,,,,
,,,Waste Connections,,,,,
,,,Pep Boys-Manny,,,,,989
,,,Harsco,,,,,
,,,Hovnanian Enterprises,,,,,
,,,Willbros Group,,,,,
,,,Wendy's,,,,,
,,,International Game Technology,,,,,
,,,Synopsys,,,,,
,,,Universal American,,,,,
,,,AAR,,,,,
,,,Selective Insurance Group,,,,,
,,,Gartner,,,,,
,,,E*Trade Financial,,,,,
